feature,orig_pic,disjoint_pic,t,oos,shuffle_z,verdict
dc_resp_chunk_slope,0.143,0.14803565829383952,17.398925867060225,consistent,14.3866493090184,CONFIRMED
dc_resp_nlegs_slope,-0.151,-0.12317902725374241,-13.231176159535828,consistent,-12.49441380236745,CONFIRMED
dc_resp_roughness,0.106,0.0739593808027019,8.431008725216444,consistent,9.33711770279602,CONFIRMED
dc_minutes_since_dc_s4,-0.121,-0.12149100740281532,-13.665955947346376,consistent,-12.885469266447197,CONFIRMED
dc_last_leg_dur_s1,-0.087,-0.1221132054275383,-13.11141844385991,consistent,-15.647585578994939,CONFIRMED
dc_os_to_dc_s4,0.111,0.10720204267261685,10.582391418632477,consistent,12.198069608065664,CONFIRMED
dc_minutes_since_dc_s2,-0.093,-0.13215077367066444,-13.922393921055216,consistent,-16.137350406476376,CONFIRMED
dc_minutes_since_dc_s1,-0.092,-0.11732003722170976,-11.927588883976147,consistent,-12.70176450206595,CONFIRMED
dc_resp_os_ratio_mean,0.106,0.08791767976017582,8.345385750235073,consistent,11.932386918749362,CONFIRMED
